[[{"location":"C:\\Program Files\\Java\\jre8","type":"JRE","hints":{"EXECUTION_ENVIRONMENT":"JavaSE-1.8"}},"jre:jre:1.8.0"],[{"location":"C:\\Users\\USUARIO\\Documents\\TEC\\2014\\Semestre II\\Algoritmos\\Quices\\Quiz Programacion Dinamica\\ProblemaDelCambioDeMoneda","type":"PROJECT","hints":{"PROJECT_NAME":"ProblemaDelCambioDeMoneda"}},"ABSENT"],[{"location":"C:\\Users\\USUARIO\\Documents\\TEC\\2014\\Semestre II\\Algoritmos\\Quices\\Quiz Programacion Dinamica\\ProblemaDeLaMochila","type":"PROJECT","hints":{"PROJECT_NAME":"ProblemaDeLaMochila"}},"ABSENT"]]